file,pair,profit_usdt
results/start_2020/Ma200CashSupplementDisabled_trades.json.gz,ADA/USDT,8132.554713770007
results/start_2020/Ma200CashSupplementDisabled_trades.json.gz,BTC/USDT,6368.416846167507
results/start_2020/Ma200CashSupplementDisabled_trades.json.gz,ETH/USDT,10807.659198156005
results/start_2020/Ma200CashSupplementDisabled_trades.json.gz,LINK/USDT,4489.744303586007
results/start_2020/Ma200CashSupplementDisabled_trades.json.gz,XRP/USDT,4967.4435388330085
results/start_2020/Ma200CashSupplementStrategy_trades.json.gz,ADA/USDT,10770.870804492008
results/start_2020/Ma200CashSupplementStrategy_trades.json.gz,BTC/USDT,7002.264695235905
results/start_2020/Ma200CashSupplementStrategy_trades.json.gz,ETH/USDT,11548.846111555004
results/start_2020/Ma200CashSupplementStrategy_trades.json.gz,LINK/USDT,4136.479621447011
results/start_2020/Ma200CashSupplementStrategy_trades.json.gz,XRP/USDT,3096.9647361220077
results/start_2021/Ma200CashSupplementStrategy_trades.json.gz,ADA/USDT,1729.932713425002
results/start_2021/Ma200CashSupplementStrategy_trades.json.gz,BTC/USDT,949.2462781062013
results/start_2021/Ma200CashSupplementStrategy_trades.json.gz,ETH/USDT,1714.659184302001
results/start_2021/Ma200CashSupplementStrategy_trades.json.gz,LINK/USDT,619.2029866660018
results/start_2021/Ma200CashSupplementStrategy_trades.json.gz,XRP/USDT,612.2547268800012
results/start_2022/Ma200CashSupplementStrategy_trades.json.gz,ADA/USDT,-15.991387539999721
results/start_2022/Ma200CashSupplementStrategy_trades.json.gz,BTC/USDT,225.20269700250026
results/start_2022/Ma200CashSupplementStrategy_trades.json.gz,ETH/USDT,337.71364587300036
results/start_2022/Ma200CashSupplementStrategy_trades.json.gz,LINK/USDT,190.43396605000038
results/start_2022/Ma200CashSupplementStrategy_trades.json.gz,XRP/USDT,169.16718373000043
results/start_2023/Ma200CashSupplementStrategy_trades.json.gz,ADA/USDT,118.01002049000056
results/start_2023/Ma200CashSupplementStrategy_trades.json.gz,BTC/USDT,379.5916872183004
results/start_2023/Ma200CashSupplementStrategy_trades.json.gz,ETH/USDT,478.8759076590005
results/start_2023/Ma200CashSupplementStrategy_trades.json.gz,LINK/USDT,327.15717428000033
results/start_2023/Ma200CashSupplementStrategy_trades.json.gz,XRP/USDT,238.48542727000046
results/start_2024/Ma200CashSupplementStrategy_trades.json.gz,ADA/USDT,-66.44546700999973
results/start_2024/Ma200CashSupplementStrategy_trades.json.gz,BTC/USDT,160.03792879210013
results/start_2024/Ma200CashSupplementStrategy_trades.json.gz,ETH/USDT,269.5987844830002
results/start_2024/Ma200CashSupplementStrategy_trades.json.gz,LINK/USDT,131.7082247500002
results/start_2024/Ma200CashSupplementStrategy_trades.json.gz,XRP/USDT,234.73520779000046
results/start_2025/Ma200CashSupplementDisabled_trades.json.gz,ADA/USDT,-120.24756922999984
results/start_2025/Ma200CashSupplementDisabled_trades.json.gz,BTC/USDT,21.411339403900172
results/start_2025/Ma200CashSupplementDisabled_trades.json.gz,ETH/USDT,102.9429774710001
results/start_2025/Ma200CashSupplementDisabled_trades.json.gz,LINK/USDT,12.534015330000074
results/start_2025/Ma200CashSupplementDisabled_trades.json.gz,XRP/USDT,-36.423615789999786
results/start_2025/Ma200CashSupplementStrategy_trades.json.gz,ADA/USDT,-127.50622467999995
results/start_2025/Ma200CashSupplementStrategy_trades.json.gz,BTC/USDT,27.30738994980007
results/start_2025/Ma200CashSupplementStrategy_trades.json.gz,ETH/USDT,101.98517042200007
results/start_2025/Ma200CashSupplementStrategy_trades.json.gz,LINK/USDT,6.148039520000083
results/start_2025/Ma200CashSupplementStrategy_trades.json.gz,XRP/USDT,-36.245065299999794
