year,pair,baseline_profit_usdt,supplement_profit_usdt,difference_usdt
2020,BTC/USDT,6368.416846167507,7002.264695235905,633.8478490683974
2020,ETH/USDT,10807.659198156005,11548.846111555004,741.1869133989985
2020,LINK/USDT,4489.744303586007,4136.479621447011,-353.26468213899625
2020,XRP/USDT,4967.4435388330085,3096.9647361220077,-1870.4788027110008
2020,ADA/USDT,8132.554713770007,10770.870804492008,2638.316090722001
2021,BTC/USDT,939.353037577601,949.2462781062013,9.893240528600359
2021,ETH/USDT,1844.5238195270013,1714.659184302001,-129.86463522500026
2021,LINK/USDT,735.5212384670012,619.2029866660018,-116.3182518009994
2021,XRP/USDT,1173.2108062850016,612.2547268800012,-560.9560794050004
2021,ADA/USDT,1802.1976596750014,1729.932713425002,-72.26494624999941
2022,BTC/USDT,215.92091415390036,225.20269700250026,9.281782848599903
2022,ETH/USDT,340.61622502000034,337.71364587300036,-2.902579146999983
2022,LINK/USDT,210.95382309000036,190.43396605000038,-20.519857039999977
2022,XRP/USDT,203.8022002200006,169.16718373000043,-34.63501649000017
2022,ADA/USDT,-3.3898813699997277,-15.991387539999721,-12.601506169999993
2023,BTC/USDT,367.0234330453004,379.5916872183004,12.568254173000014
2023,ETH/USDT,485.55552931800037,478.8759076590005,-6.679621658999849
2023,LINK/USDT,355.6443904700004,327.15717428000033,-28.487216190000083
2023,XRP/USDT,305.2432822800007,238.48542727000046,-66.75785501000024
2023,ADA/USDT,133.95214420000036,118.01002049000056,-15.942123709999805
2024,BTC/USDT,156.92024378140027,160.03792879210013,3.1176850106998586
2024,ETH/USDT,276.2785366820001,269.5987844830002,-6.679752198999893
2024,LINK/USDT,149.13530250000025,131.7082247500002,-17.427077750000052
2024,XRP/USDT,260.2539518700004,234.73520779000046,-25.51874407999992
2024,ADA/USDT,-52.42724199999964,-66.44546700999973,-14.018225010000094
2025,BTC/USDT,21.411339403900172,27.30738994980007,5.896050545899897
2025,ETH/USDT,102.9429774710001,101.98517042200007,-0.9578070490000385
2025,LINK/USDT,12.534015330000074,6.148039520000083,-6.385975809999991
2025,XRP/USDT,-36.423615789999786,-36.245065299999794,0.17855048999999212
2025,ADA/USDT,-120.24756922999984,-127.50622467999995,-7.258655450000106
