asset,window,strategy,start,end,return_pct,liquidated_return_pct,wallet_drawdown_pct,mean_idle_cash_pct,ending_equity,cagr_pct,calmar,exposure_pct,trades,max_loss_streak,ledger_error,startup,native_start,pretrade_cash_days,first_entry_date
BTC,start_2021,CycleRiskOriginalCached,2021-01-01,2026-10-06,375.6276712846711,375.1520992238011,58.31091295353673,35.75072225443831,4756.276712846711,31.07392386103247,0.5329006576486425,64.2492777455617,48,10,3.4151526051573455e-09,149,2021-01-01,0,2021-01-02
BTC,start_2021,Ma200BtcRegimeFullCyclePortfolioStrategy,2021-01-01,2026-10-06,293.77433005419044,293.53042720376044,58.51656434574477,31.411746910464483,3937.7433005419043,26.84828923713798,0.4588152010857135,68.58825308953553,18,2,8.205006452044472e-09,60,2021-01-01,0,2021-01-02
BTC,start_2021,OwnAssetBuyHold,2021-01-01,2026-10-06,195.4831932729935,,76.62925431645934,0.0,2954.831932729935,20.682612406908408,0.26990491544514417,100.0,,,,,,,
BTC,start_2023,CycleRiskOriginalCached,2023-01-01,2026-10-06,407.1895308905509,406.6823909055109,33.99905980657335,26.293837576722943,5071.8953089055085,53.92844037380557,1.5861744613119888,73.70616242327705,28,7,-8.091774361673743e-09,149,2023-01-01,0,2023-01-05
BTC,start_2023,Ma200BtcRegimeFullCyclePortfolioStrategy,2023-01-01,2026-10-06,176.52081479103026,176.34954383117028,36.26249379255558,41.1115016441106,2765.2081479103026,31.020415970589532,0.8554407798880559,58.88849835588941,13,2,2.902197593357414e-09,60,2023-01-01,0,2023-01-02
BTC,start_2023,OwnAssetBuyHold,2023-01-01,2026-10-06,416.6585288905935,,52.971765913510616,0.0,5166.585288905935,54.68664197153612,1.0323733979498713,100.0,,,,,,,
BTC,start_2025,CycleRiskOriginalCached,2025-01-01,2026-10-06,-7.001449115249847,-7.094441889159853,33.989946825456016,39.69218473812794,929.9855088475015,-4.033202567190585,-0.11865869010921805,60.30781526187206,20,7,6.014033715473488e-10,149,2025-01-01,0,2025-01-02
BTC,start_2025,Ma200BtcRegimeFullCyclePortfolioStrategy,2025-01-01,2026-10-06,6.788560248480002,6.722430152589998,36.2424991584157,41.41277714828445,1067.8856024848,3.795384138163893,0.10472192112288661,58.587222851715545,6,2,-1.0299800123902969e-08,60,2025-01-01,0,2025-01-03
BTC,start_2025,OwnAssetBuyHold,2025-01-01,2026-10-06,-8.668391965391198,,52.97176591351062,0.0,913.316080346088,-5.012615591583391,-0.09462806280175204,100.0,,,,,,,
ETH,start_2021,CycleRiskOriginalCached,2021-01-01,2026-10-06,1806.2493751243046,1804.3431398660048,50.04691502447039,41.14722814363469,19062.493751243048,66.77499860073122,1.3342480464196775,58.85277185636531,54,6,5.820766091346741e-11,149,2021-01-01,0,2021-01-02
ETH,start_2021,Ma200BtcRegimeFullCyclePortfolioStrategy,2021-01-01,2026-10-06,835.751845144101,835.169214279001,61.9046578583647,34.78447475978701,9357.51845144101,47.40471460402882,0.7657697537475912,65.215525240213,18,2,1.0009898687712848e-08,60,2021-01-01,0,2021-01-02
ETH,start_2021,OwnAssetBuyHold,2021-01-01,2026-10-06,265.9318330294132,,79.30253453633334,0.0,3659.318330294132,25.244490897356453,0.3183314511314945,100.0,,,,,,,
ETH,start_2023,CycleRiskOriginalCached,2023-01-01,2026-10-06,318.8551651719008,318.4363258996007,44.340288652771484,33.699082705421354,4188.551651719008,46.299481115749394,1.0441853790876359,66.30091729457864,35,6,-5.399124347604811e-08,149,2023-01-01,0,2023-01-05
ETH,start_2023,Ma200BtcRegimeFullCyclePortfolioStrategy,2023-01-01,2026-10-06,160.42935747130022,160.26721134740023,37.00690187919987,47.52346758534659,2604.2935747130023,28.950302097879323,0.782294670123444,52.47653241465341,13,2,-1.599755705683492e-08,60,2023-01-01,0,2023-01-02
ETH,start_2023,OwnAssetBuyHold,2023-01-01,2026-10-06,125.29283646386303,,67.55345017766713,0.0,2252.9283646386302,24.080213496941493,0.356461637912053,100.0,,,,,,,
ETH,start_2025,CycleRiskOriginalCached,2025-01-01,2026-10-06,58.194932052300196,58.036751238700205,40.89434018443977,45.742450522163566,1581.949320523002,29.710082099169387,0.7265084108258586,54.257549477836434,20,6,-2.998149284394458e-09,149,2025-01-01,0,2025-01-02
ETH,start_2025,Ma200BtcRegimeFullCyclePortfolioStrategy,2025-01-01,2026-10-06,48.21092010600001,48.118638973100005,37.006670511422456,46.96691849604961,1482.10920106,25.001763564841717,0.6756015393798988,53.033081503950385,4,1,1.0002167982747778e-09,60,2025-01-01,0,2025-01-04
ETH,start_2025,OwnAssetBuyHold,2025-01-01,2026-10-06,-19.2638458857323,,67.55345017766713,0.0,807.361541142677,-11.428730446870139,-0.16918055875476848,100.0,,,,,,,
SOL,start_2021,CycleRiskOriginalCached,2021-01-01,2026-10-06,49215.76271751773,49166.44696086373,65.35757531322608,46.08919000343996,493157.62717517733,193.2747049491635,2.957189033144127,53.91080999656004,55,9,7.159542292356491e-09,149,2021-01-07,6,2021-01-08
SOL,start_2021,Ma200BtcRegimeFullCyclePortfolioStrategy,2021-01-01,2026-10-06,7362.202996350558,7357.547332360557,87.46470992671857,37.199711137811434,74622.02996350559,111.33496232086016,1.2729129544263171,62.800288862188566,19,3,-4.394678398966789e-09,60,2021-01-01,0,2021-01-08
SOL,start_2021,OwnAssetBuyHold,2021-01-01,2026-10-06,7892.405261758393,,96.26992725584275,0.0,79924.05261758392,113.8670711808968,1.1827896252407946,100.0,,,,,,,
SOL,start_2023,CycleRiskOriginalCached,2023-01-01,2026-10-06,766.5075770200017,765.6410723560017,52.11472066801156,40.45338202689568,8665.075770200017,77.46243687973542,1.486383038934381,59.54661797310432,36,4,1.6370904631912708e-11,149,2023-01-01,0,2023-01-05
SOL,start_2023,Ma200BtcRegimeFullCyclePortfolioStrategy,2023-01-01,2026-10-06,414.9297033300005,414.6084457360004,55.71313484117854,45.97745952751243,5149.297033300005,54.548977392082776,0.9791044346649237,54.02254047248757,14,2,5.4569682106375694e-12,60,2023-01-01,0,2023-01-02
SOL,start_2023,OwnAssetBuyHold,2023-01-01,2026-10-06,1109.5226739158536,,76.2568233003779,0.0,12095.226739158536,93.90171483981528,1.2313877076931676,100.0,,,,,,,
SOL,start_2025,CycleRiskOriginalCached,2025-01-01,2026-10-06,9.296632934000204,9.187342100000206,48.84935905824067,49.12128606486113,1092.966329340002,5.171038102394587,0.1058568260072648,50.87871393513886,23,4,2.0463630789890885e-12,149,2025-01-01,0,2025-01-02
SOL,start_2025,Ma200BtcRegimeFullCyclePortfolioStrategy,2025-01-01,2026-10-06,-7.266105635999953,-7.323961938999957,45.59671215139222,48.695924703492814,927.3389436400005,-4.1881910893818874,-0.09185291859369313,51.30407529650718,5,1,4.547473508864641e-13,60,2025-01-01,0,2025-01-19
SOL,start_2025,OwnAssetBuyHold,2025-01-01,2026-10-06,-36.300559616813366,,76.2568233003779,0.0,636.9944038318663,-22.56917744914586,-0.29596272795478507,100.0,,,,,,,
LINK,start_2021,CycleRiskOriginalCached,2021-01-01,2026-10-06,13.562190010700803,13.448633545700805,85.44294829641048,50.49801370853205,1135.621900107008,2.2313062523303007,0.02611457465851561,49.50198629146795,74,19,7.009475666563958e-09,149,2021-01-01,0,2021-01-02
LINK,start_2021,Ma200BtcRegimeFullCyclePortfolioStrategy,2021-01-01,2026-10-06,113.0495696521002,112.9092677431002,82.65106287735708,40.70323874145386,2130.495696521002,14.024050975848802,0.16967780555536938,59.29676125854614,21,8,1.0027179087046534e-09,60,2021-01-01,0,2021-01-06
LINK,start_2021,OwnAssetBuyHold,2021-01-01,2026-10-06,24.106074410442346,,90.1796475922631,0.0,1241.0607441044235,3.818449930887935,0.04234270184945296,100.0,,,,,,,
LINK,start_2023,CycleRiskOriginalCached,2023-01-01,2026-10-06,18.485152226000444,18.36666823400046,67.92531067527203,45.56672402727761,1184.8515222600045,4.608703296398153,0.06784957257583712,54.43327597272239,51,10,3.637978807091713e-12,149,2023-01-01,0,2023-01-05
LINK,start_2023,Ma200BtcRegimeFullCyclePortfolioStrategy,2023-01-01,2026-10-06,142.191384015,142.03188848100004,48.908340836925014,47.17607851106669,2421.9138401500004,26.487182041939782,0.5415677896384983,52.82392148893332,15,3,4.547473508864641e-13,60,2023-01-01,0,2023-01-02
LINK,start_2023,OwnAssetBuyHold,2023-01-01,2026-10-06,150.1355147095057,,75.38961038961038,0.0,2501.3551470950574,27.57625644309818,0.3657832465320517,100.0,,,,,,,
LINK,start_2025,CycleRiskOriginalCached,2025-01-01,2026-10-06,-40.15552002999987,-40.21536226299987,66.39336045062598,53.297975762549875,598.4447997000013,-25.262709817162175,-0.3805005447186096,46.70202423745011,28,11,1.5916157281026244e-12,149,2025-01-01,0,2025-01-02
LINK,start_2025,Ma200BtcRegimeFullCyclePortfolioStrategy,2025-01-01,2026-10-06,-6.381075639999956,-6.442732542999963,48.904072483836224,50.181830091059574,936.1892436000004,-3.6706450214098574,-0.07505806438969023,49.818169908940426,5,1,5.684341886080801e-13,60,2025-01-01,0,2025-01-04
LINK,start_2025,OwnAssetBuyHold,2025-01-01,2026-10-06,-30.344380893831435,,73.12056737588652,0.0,696.5561910616857,-18.542464303340957,-0.2535875331494738,100.0,,,,,,,
ADA,start_2021,CycleRiskOriginalCached,2021-01-01,2026-10-06,732.3685274475098,731.5361593795097,81.16229992087645,50.71152693882651,8323.685274475098,44.44049715281155,0.5475509835987364,49.288473061173484,78,11,5.09680830873549e-09,149,2021-01-01,0,2021-01-02
ADA,start_2021,Ma200BtcRegimeFullCyclePortfolioStrategy,2021-01-01,2026-10-06,988.9504991440015,988.3742815580016,74.47381046009582,48.620618384784876,10889.504991440015,51.334143386255974,0.6892912161888316,51.37938161521514,17,3,2.3646862246096134e-11,60,2021-01-01,0,2021-01-02
ADA,start_2021,OwnAssetBuyHold,2021-01-01,2026-10-06,47.31050354740665,,95.15171948752528,0.0,1473.1050354740664,6.952550785418166,0.07306805197913074,100.0,,,,,,,
ADA,start_2023,CycleRiskOriginalCached,2023-01-01,2026-10-06,-9.284463427999212,-9.375178877999213,81.16191454839873,48.06733293417603,907.1553657200079,-2.555189878020392,-0.03148262201844281,51.93266706582397,59,11,8.185452315956354e-12,149,2023-01-01,0,2023-01-05
ADA,start_2023,Ma200BtcRegimeFullCyclePortfolioStrategy,2023-01-01,2026-10-06,75.50460869900036,75.41174067900033,74.473312974222,55.91954568281516,1755.0460869900035,16.115959589636542,0.21639912266579142,44.080454317184845,13,2,4.092726157978177e-12,60,2023-01-01,0,2023-01-02
ADA,start_2023,OwnAssetBuyHold,2023-01-01,2026-10-06,8.678953268050126,,88.28799478742467,0.0,1086.7895326805012,2.2354575694778056,0.025320062765727396,100.0,,,,,,,
ADA,start_2025,CycleRiskOriginalCached,2025-01-01,2026-10-06,-67.15344635599988,-67.18629109799987,79.78552859882373,59.79204315186586,328.4655364400012,-46.81696215993516,-0.5867851348750152,40.20795684813413,29,12,1.4210854715202004e-12,149,2025-01-01,0,2025-01-02
ADA,start_2025,Ma200BtcRegimeFullCyclePortfolioStrategy,2025-01-01,2026-10-06,-56.87972286099997,-56.902540102999964,72.34199175568455,54.276364964167065,431.2027713900003,-37.94074265451509,-0.5244636169632937,45.723635035832935,6,2,2.2737367544323206e-13,60,2025-01-01,0,2025-01-03
ADA,start_2025,OwnAssetBuyHold,2025-01-01,2026-10-06,-68.38664294285594,,87.33039647577093,0.0,316.1335705714405,-47.95878510955767,-0.5491648617771182,100.0,,,,,,,
FIL,start_2021,CycleRiskOriginalCached,2021-01-01,2026-10-06,-13.403789346698492,-13.490385377098491,87.60638677358196,62.48707515380969,865.9621065330151,-2.4662118809674505,-0.02815105121663511,37.5129248461903,86,12,-6.986738299019635e-09,149,2021-03-13,71,2021-03-14
FIL,start_2021,Ma200BtcRegimeFullCyclePortfolioStrategy,2021-01-01,2026-10-06,-1.3639107839996334,-1.4626135199996226,85.39432574008616,54.66620832013476,986.3608921600037,-0.2380046372042366,-0.002787124731550067,45.33379167986524,24,5,3.637978807091713e-12,60,2021-01-01,0,2021-02-10
FIL,start_2021,OwnAssetBuyHold,2021-01-01,2026-10-06,-95.26763937750312,,99.66885959856562,0.0,47.32360622496885,-41.101321892816735,-0.4123787716480328,100.0,,,,,,,
FIL,start_2023,CycleRiskOriginalCached,2023-01-01,2026-10-06,-28.84182720209938,-28.912984934899377,87.60641777661652,56.16437348496313,711.5817279790062,-8.642221613435341,-0.09864827067203837,43.83562651503687,62,12,1.9006051843462046e-08,149,2023-01-01,0,2023-01-05
FIL,start_2023,Ma200BtcRegimeFullCyclePortfolioStrategy,2023-01-01,2026-10-06,-2.1480138829997664,-2.2459327149997765,78.89758324439991,61.78888365132433,978.5198611700023,-0.5751476308484826,-0.007289800361398347,38.21111634867567,19,5,2.6147972675971687e-12,60,2023-01-01,0,2023-01-02
FIL,start_2023,OwnAssetBuyHold,2023-01-01,2026-10-06,-61.72654198576431,,94.48131330771918,0.0,382.7345801423569,-22.517707398905774,-0.23832974596327997,100.0,,,,,,,
FIL,start_2025,CycleRiskOriginalCached,2025-01-01,2026-10-06,-67.3577219586999,-67.39036349069991,80.34363889115146,65.92916498623083,326.42278041300096,-47.004803021500685,-0.5850469765899227,34.07083501376918,36,13,8.000938578334171e-09,149,2025-01-01,0,2025-01-02
FIL,start_2025,Ma200BtcRegimeFullCyclePortfolioStrategy,2025-01-01,2026-10-06,-45.45963443159997,-45.51421144199996,65.45489480482851,68.24554320379409,545.4036556840003,-29.094906943320463,-0.4445031503002916,31.75445679620591,8,5,-9.994209904107265e-10,60,2025-01-01,0,2025-01-06
FIL,start_2025,OwnAssetBuyHold,2025-01-01,2026-10-06,-76.74846857160607,,89.44203140661543,0.0,232.51531428393938,-56.28024785214857,-0.6292371379211082,100.0,,,,,,,
BTC,start_2025,Ma200ConfirmedHandoverStrategy,2025-01-01,2026-10-06,13.723145068339981,13.609363661439989,36.2424991584157,38.525526336716744,1137.2314506833998,7.5660325020498576,0.2087613348345208,61.474473663283256,6,2,-7.600192475365475e-09,60,,,
BTC,start_2023,Ma200ConfirmedHandoverStrategy,2023-01-01,2026-10-06,233.65534179566026,233.32144041887028,36.26664998758592,32.90191534622275,3336.5534179566025,37.723166602084035,1.0401613221788248,67.09808465377725,13,2,5.020410753786564e-10,60,,,
BTC,start_2021,Ma200ConfirmedHandoverStrategy,2021-01-01,2026-10-06,290.91053428487027,290.51931445498025,58.51697853432252,30.255232738104958,3909.1053428487025,26.68773327592424,0.45606820352610705,69.74476726189505,18,2,-6.395566742867231e-09,60,,,
ETH,start_2025,Ma200ConfirmedHandoverStrategy,2025-01-01,2026-10-06,57.076699507899995,56.919489790700005,37.006670511422456,44.11212576038805,1570.766995079,29.18926673917497,0.7887569007367314,55.88787423961195,4,1,-2.9995135264471173e-09,60,,,
ETH,start_2023,Ma200ConfirmedHandoverStrategy,2023-01-01,2026-10-06,208.5942211593002,208.28535855430016,37.00772682604009,39.390291018769894,3085.942211593002,34.89603750163444,0.9429392317357956,60.609708981230106,13,2,3.0017872632015496e-09,60,,,
ETH,start_2021,Ma200ConfirmedHandoverStrategy,2021-01-01,2026-10-06,878.4068882756005,877.4276184809004,62.4171690448551,33.79397232992963,9784.068882756004,48.549237384724854,0.7778186375264108,66.20602767007038,18,2,-1.0993971955031157e-08,60,,,
SOL,start_2025,Ma200ConfirmedHandoverStrategy,2025-01-01,2026-10-06,5.873375839000028,5.767416601000064,45.59671215139222,45.744374730880274,1058.7337583900003,3.2899386259578334,0.07215297925504878,54.25562526911973,5,1,6.821210263296962e-13,60,,,
SOL,start_2023,Ma200ConfirmedHandoverStrategy,2023-01-01,2026-10-06,355.23659609800023,354.78098827400026,58.521364622055806,41.81843262352246,4552.3659609800025,49.572491357111105,0.8470836535897864,58.18156737647754,14,3,2.7284841053187847e-12,60,,,
SOL,start_2021,Ma200ConfirmedHandoverStrategy,2021-01-01,2026-10-06,9174.229706031163,9164.947831291161,87.46472010826112,36.04771630101048,92742.29706031163,119.4588405240657,1.3657945783877574,63.95228369898953,19,3,1.6443664208054543e-09,60,,,
LINK,start_2025,Ma200ConfirmedHandoverStrategy,2025-01-01,2026-10-06,3.3620582110000186,3.258622021000024,48.904072483836224,47.48496312494479,1033.6205821100002,1.8931634548603693,0.03871177508756756,52.51503687505521,5,1,4.547473508864641e-13,60,,,
LINK,start_2023,Ma200ConfirmedHandoverStrategy,2023-01-01,2026-10-06,139.4714880200001,139.2318399080001,48.90757092830423,45.686612308277006,2394.714880200001,26.10828039911044,0.5338290146812591,54.313387691722994,15,3,1.3642420526593924e-12,60,,,
LINK,start_2021,Ma200ConfirmedHandoverStrategy,2021-01-01,2026-10-06,112.78266887010022,112.56972432510022,82.47409290753198,39.609603797383414,2127.8266887010022,13.999252286908415,0.16974120955296892,60.39039620261659,21,8,1.0018084140028805e-09,60,,,
ADA,start_2025,Ma200ConfirmedHandoverStrategy,2025-01-01,2026-10-06,-49.91162669099997,-49.96176419099997,72.34199175568455,50.51092565850942,500.88373309000036,-32.4378781155961,-0.44839625407531264,49.489074341490586,6,2,1.7053025658242404e-13,60,,,
ADA,start_2023,Ma200ConfirmedHandoverStrategy,2023-01-01,2026-10-06,83.63141263200022,83.44759652400022,74.47349579262587,53.92941658547022,1836.3141263200023,17.520576890566698,0.23525922483017817,46.07058341452977,13,2,1.3642420526593924e-12,60,,,
ADA,start_2021,Ma200ConfirmedHandoverStrategy,2021-01-01,2026-10-06,1053.6166650400014,1052.4618794220016,74.47380165920133,47.01942639782279,11536.166650400015,52.856556440226484,0.709733560831267,52.980573602177216,17,4,1.4551915228366852e-11,60,,,
FIL,start_2025,Ma200ConfirmedHandoverStrategy,2025-01-01,2026-10-06,-45.45963443159997,-45.51421144199996,65.45489480482851,68.24554320379409,545.4036556840003,-29.094906943320463,-0.4445031503002916,31.75445679620591,8,5,-9.994209904107265e-10,60,,,
FIL,start_2023,Ma200ConfirmedHandoverStrategy,2023-01-01,2026-10-06,-2.1480138829997664,-2.2459327149997765,78.89758324439991,61.78888365132433,978.5198611700023,-0.5751476308484826,-0.007289800361398347,38.21111634867567,19,5,2.6147972675971687e-12,60,,,
FIL,start_2021,Ma200ConfirmedHandoverStrategy,2021-01-01,2026-10-06,-1.3639107839996334,-1.4626135199996226,85.39432574008616,54.66620832013476,986.3608921600037,-0.2380046372042366,-0.002787124731550067,45.33379167986524,24,5,3.637978807091713e-12,60,,,
