window,strategy,start,end,return_pct,liquidated_return_pct,wallet_drawdown_pct,mean_idle_cash_pct,ending_equity,cagr_pct,calmar,exposure_pct,trades,max_loss_streak,ledger_error,startup
start_2025,CycleRiskOriginalCached,2025-01-01,2026-10-06,-23.718683138719875,-23.794898799699872,55.191978913331994,48.422734582166825,762.8131686128013,-14.23452724846478,-0.25790934713207636,51.577265417833175,261,54,-2.539832166803535e-08,149
start_2025,CycleRiskEventProfitPool15,2025-01-01,2026-10-06,-22.057469037229804,-22.135410516619803,56.315185521292065,47.78144817450851,779.425309627702,-13.180155719033182,-0.23404265824623682,52.218551825491474,258,53,3.6601704778149724e-08,149
start_2025,Ma200BtcRegimeFullCyclePortfolioStrategy,2025-01-01,2026-10-06,-9.380213458089926,-9.451556492179925,44.77529117654912,49.57353239727059,906.1978654191007,-5.433201715742708,-0.1213437494871798,50.42646760272941,57,10,-1.4000420378579292e-08,60
start_2025,EqualWeightBuyHold,2025-01-01,2026-10-06,-42.71308107932488,,73.33141516834965,0.0,572.8691892067512,-27.091337992634124,-0.369436999551141,100.0,,,,
start_2025,BTCHold,2025-01-01,2026-10-06,-8.668391965391198,,52.97176591351062,0.0,913.316080346088,-5.012615591583391,-0.09462806280175204,100.0,,,,
start_2024,CycleRiskOriginalCached,2024-01-01,2026-10-06,23.54938253742034,23.42592150398033,50.99333589805431,41.6371975448916,1235.4938253742034,7.947514004497935,0.15585397316203387,58.36280245510841,373,38,-2.3395614334731363e-08,149
start_2024,CycleRiskEventProfitPool15,2024-01-01,2026-10-06,23.545900373040297,23.422693370960324,51.62900831521225,41.222519798878906,1235.4590037304029,7.946413747619463,0.15391373971593578,58.777480201121094,358,33,-3.279637894593179e-08,149
start_2024,Ma200BtcRegimeFullCyclePortfolioStrategy,2024-01-01,2026-10-06,39.87295336906014,39.762792394220135,46.467417624794216,47.544497302149104,1398.7295336906013,12.902154100716556,0.2776602350682855,52.455502697850896,112,10,8.001279638847336e-09,60
start_2024,EqualWeightBuyHold,2024-01-01,2026-10-06,13.49721112136173,,71.00108370648339,0.0,1134.9721112136174,4.6850092412049404,0.065985038490013,100.0,,,,
start_2024,BTCHold,2024-01-01,2026-10-06,102.1221134408807,,52.97176591351062,0.0,2021.2211344088068,28.979369367952557,0.5470719895437972,100.0,,,,
start_2023,CycleRiskOriginalCached,2023-01-01,2026-10-06,206.00256236315067,205.6966405245507,48.73068019845576,36.301534371061535,3060.0256236315067,34.594167161395696,0.7099052798054717,63.698465628938465,486,38,-4.87943907501176e-10,149
start_2023,CycleRiskEventProfitPool15,2023-01-01,2026-10-06,216.57972333365106,216.26314476458103,49.8890436041015,35.927947238628654,3165.7972333365105,35.81461581975069,0.7178853959190006,64.07205276137134,468,33,3.2207026379182935e-08,149
start_2023,Ma200BtcRegimeFullCyclePortfolioStrategy,2023-01-01,2026-10-06,160.25034189501017,160.0452709021202,46.466416472982786,48.55395007123634,2602.5034189501016,28.926750497933895,0.622530263652953,51.44604992876366,145,11,1.0001713235396892e-08,60
start_2023,EqualWeightBuyHold,2023-01-01,2026-10-06,232.85378894203018,,71.95219506377137,0.0,3328.537889420302,37.63520116581671,0.5230584158337429,100.0,,,,
start_2023,BTCHold,2023-01-01,2026-10-06,416.6585288905935,,52.971765913510616,0.0,5166.585288905935,54.68664197153612,1.0323733979498713,100.0,,,,
start_2022,CycleRiskOriginalCached,2022-01-01,2026-10-06,56.990946223110605,56.83401545140061,50.21330522499412,47.4754212208012,1569.909462231106,9.930140172772518,0.1977591422886399,52.52457877919879,618,38,-6.479353942268062e-08,149
start_2022,CycleRiskEventProfitPool15,2022-01-01,2026-10-06,67.74689283819066,67.57914671470067,51.46170572205521,46.24962133074342,1677.4689283819066,11.47001895601798,0.22288454677284852,53.750378669256584,601,33,-5.419087756308727e-08,149
start_2022,Ma200BtcRegimeFullCyclePortfolioStrategy,2022-01-01,2026-10-06,79.84926298945014,79.70758338727015,47.330965643000035,41.842957241469776,1798.4926298945015,13.112042390351863,0.27702883751096796,58.15704275853022,145,12,-1.0699523045332171e-08,60
start_2022,EqualWeightBuyHold,2022-01-01,2026-10-06,-26.988712976083328,,77.5149604052268,0.0,730.1128702391667,-6.3896912636316365,-0.08243171679670731,100.0,,,,
start_2022,BTCHold,2022-01-01,2026-10-06,84.92025656932543,,66.93123705410325,0.0,1849.2025656932542,13.774183227236957,0.20579603535644683,100.0,,,,
start_2021,CycleRiskOriginalCached,2021-01-01,2026-10-06,6323.308011837008,6316.884756755149,62.19153791739458,44.65704233210005,64233.08011837009,105.90839505561772,1.7029389946312263,55.34295766789994,696,38,3.074819687753916e-08,149
start_2021,CycleRiskEventProfitPool15,2021-01-01,2026-10-06,10917.604691241067,10906.587088123328,61.5559491932209,43.58885634304686,110176.04691241067,126.11722939240093,2.0488227546703173,56.41114365695314,489,27,-5.966285243630409e-09,149
start_2021,Ma200BtcRegimeFullCyclePortfolioStrategy,2021-01-01,2026-10-06,883.184451926841,882.4096298856113,61.269593122024865,40.0588032775531,9831.84451926841,48.674846425939975,0.7944372395128996,59.9411967224469,194,12,2.1718733478337526e-08,60
start_2021,EqualWeightBuyHold,2021-01-01,2026-10-06,899.3499694238828,,93.41464311846181,0.0,9993.499694238828,49.096153483952776,0.5255723497406346,100.0,,,,
start_2021,BTCHold,2021-01-01,2026-10-06,195.4831932729935,,76.62925431645934,0.0,2954.831932729935,20.682612406908408,0.26990491544514417,100.0,,,,
start_2020,CycleRiskOriginalCached,2020-01-01,2026-10-06,8223.665057933968,8215.341478135448,58.64239394026137,43.90030445280671,83236.65057933966,92.24304190095822,1.5729753801477753,56.09969554719329,725,38,1.0622898116707802e-09,149
start_2020,CycleRiskEventProfitPool15,2020-01-01,2026-10-06,11418.575801917026,11407.057226336367,60.0506331019663,41.34325129804904,115185.75801917026,101.6995548567099,1.6935634081329918,58.65674870195097,408,28,2.0881998352706432e-08,149
start_2020,Ma200BtcRegimeFullCyclePortfolioStrategy,2020-01-01,2026-10-06,2627.4447059318218,2625.2953249904417,61.27335052438043,41.4813423342079,27274.44705931822,63.0143226877095,1.0284132032674849,58.518657665792084,212,12,8.010829333215952e-09,60
start_2020,EqualWeightBuyHold,2020-01-01,2026-10-06,901.2636705109451,,87.38570155012539,3.8538783164394927,10012.636705109451,40.570995409837266,0.4642749865270041,96.14612168356051,,,,
start_2020,BTCHold,2020-01-01,2026-10-06,1087.791728065576,,76.62925431645934,0.0,11877.91728065576,44.165837979700086,0.5763574025829145,100.0,,,,
start_2025,Ma200ConfirmedHandoverStrategy,2025-01-01,2026-10-06,0.7895191883900754,0.6886527237700779,44.77529117654912,47.76385628832831,1007.8951918839008,0.44702018067597216,0.009983635369636574,52.23614371167168,57,10,-1.5900013750069775e-08,60
start_2024,Ma200ConfirmedHandoverStrategy,2024-01-01,2026-10-06,45.402519364750106,45.2570061177701,46.458514667077765,46.13704100340226,1454.025193647501,14.496308089061882,0.31202693828983963,53.86295899659774,112,11,8.300730769406073e-09,60
start_2023,Ma200ConfirmedHandoverStrategy,2023-01-01,2026-10-06,170.42167947743025,170.1510507013102,46.4650528464869,45.163172483034316,2704.2167947743023,30.24646185138826,0.6509507683401917,54.836827516965684,145,11,3.5010998544748873e-09,60
start_2022,Ma200ConfirmedHandoverStrategy,2022-01-01,2026-10-06,85.92376629876017,85.73769996564016,47.330965643000035,40.99862263357976,1859.2376629876017,13.903511291909677,0.2937508479497063,59.001377366420236,144,11,-7.199332685559057e-09,60
start_2021,Ma200ConfirmedHandoverStrategy,2021-01-01,2026-10-06,954.8125765176012,953.7569550354713,61.48405112612423,39.22919569595922,10548.125765176012,50.50007337329958,0.8213524068169669,60.770804304040794,194,12,-1.6898411558941007e-09,60
start_2020,Ma200ConfirmedHandoverStrategy,2020-01-01,2026-10-06,2886.1344638171636,2883.1460379771534,61.48984404930846,40.451637993252895,29861.344638171635,65.21245078989806,1.0605401883537784,59.548362006747105,212,12,-2.826709533110261e-08,60
